Datum,Verbrauch,Wind,Solar,Wind+Solar
2016-01-01,1007.11,107.21,18.56,125.77
2016-01-02,1147.89,409.62,9.4,419.02
2016-01-03,1130.63,406.3,13.52,419.82
2016-01-04,1385.93,278.46,10.08,288.54
2016-01-05,1430.11,206.47,12.55,219.02
2016-01-06,1375.73,156.04,12.59,168.63
2016-01-07,1480.61,313.6,14.64,328.24
2016-01-08,1469.35,460.88,40.97,501.85
2016-01-09,1236.5,205.63,23.89,229.52
2016-01-10,1133.1,344.48,18.9,363.37
2016-01-11,1493.8,199.88,10.18,210.06
2016-01-12,1517.06,309.16,15.13,324.29
2016-01-13,1525.13,340.8,12.16,352.96
2016-01-14,1518.12,236.93,44.55,281.48
2016-01-15,1515.73,150.57,8.69,159.26
2016-01-16,1287.07,141.73,8.77,150.5
2016-01-17,1208.63,103.35,8.73,112.08
2016-01-18,1537.45,89.97,19.42,109.39
2016-01-19,1579.1,169.57,20.78,190.36
2016-01-20,1566.54,114.69,14.24,128.93
2016-01-21,1559.12,47.23,19.34,66.56
2016-01-22,1548.33,206.78,35.2,241.98
2016-01-23,1314.26,279.84,10.63,290.47
2016-01-24,1188.14,256.7,17.41,274.1
2016-01-25,1472.2,306.53,33.78,340.31
2016-01-26,1504.52,484.66,41.68,526.35
2016-01-27,1520.14,659.56,24.52,684.08
2016-01-28,1500.61,463.77,36.62,500.38
2016-01-29,1480.93,650.34,49.52,699.86
2016-01-30,1290.34,673.81,27.9,701.71
2016-01-31,1174.35,490.03,19.96,509.98
2016-02-01,1496.84,567.82,14.78,582.6
2016-02-02,1526.01,695.82,25.38,721.21
2016-02-03,1532.58,534.97,30.86,565.83
2016-02-04,1522.15,364.41,15.19,379.6
2016-02-05,1478.36,270.01,22.66,292.67
2016-02-06,1253.39,412.12,60.22,472.35
2016-02-07,1158.09,515.96,38.07,554.04
2016-02-08,1464.91,751.65,32.28,783.93
2016-02-09,1504.7,614.37,22.97,637.34
2016-02-10,1524.29,402.86,28.39,431.25
2016-02-11,1501.41,321.22,44.04,365.26
2016-02-12,1467.09,84.49,66.41,150.9
2016-02-13,1265.84,169.92,49.37,219.29
2016-02-14,1179.31,280.41,26.91,307.31
2016-02-15,1499.43,213.62,23.47,237.09
2016-02-16,1520.27,77.66,47.48,125.14
2016-02-17,1535.19,197.77,44.22,241.99
2016-02-18,1502.38,81.68,63.59,145.27
2016-02-19,1500.86,124.39,35.43,159.82
2016-02-20,1323.47,607.08,17.52,624.6
2016-02-21,1192.22,641.78,22.52,664.3
2016-02-22,1495.92,538.5,49.99,588.5
2016-02-23,1508.38,293.99,37.72,331.71
2016-02-24,1498.98,251.74,74.18,325.92
2016-02-25,1500.38,165.29,60.55,225.84
2016-02-26,1454.92,88.15,77.86,166.01
2016-02-27,1236.37,114.99,110.02,225.02
2016-02-28,1155.18,187.64,71.2,258.85
2016-02-29,1461.93,245.92,42.62,288.54
2016-03-01,1520.38,247.36,47.75,295.12
2016-03-02,1507.05,359.87,33.77,393.64
2016-03-03,1493.77,105.49,52.01,157.49
2016-03-04,1474.43,282.38,74.04,356.42
2016-03-05,1245.39,83.98,41.6,125.58
2016-03-06,1158.44,121.34,49.2,170.55
2016-03-07,1453.25,58.42,72.46,130.88
2016-03-08,1490.24,73.72,76.2,149.92
2016-03-09,1495.36,242.1,119.01,361.11
2016-03-10,1475.78,126.09,96.56,222.65
2016-03-11,1462.24,93.16,67.95,161.11
2016-03-12,1286.03,88.7,62.82,151.52
2016-03-13,1200.11,136.04,60.25,196.3
2016-03-14,1442.93,92.25,133.96,226.22
2016-03-15,1484.28,164.02,35.24,199.25
2016-03-16,1483.72,259.23,108.36,367.6
2016-03-17,1447.59,82.66,157.92,240.58
2016-03-18,1443.66,134.0,111.76,245.76
2016-03-19,1233.66,128.63,74.6,203.23
2016-03-20,1144.54,280.15,63.36,343.51
2016-03-21,1440.59,317.21,62.18,379.39
2016-03-22,1457.46,175.31,69.93,245.24
2016-03-23,1452.44,139.67,62.74,202.4
2016-03-24,1419.2,78.91,72.1,151.0
2016-03-25,1142.93,179.42,34.32,213.74
2016-03-26,1125.19,246.25,126.36,372.61
2016-03-27,1037.18,391.79,88.52,480.32
2016-03-28,1082.13,496.78,93.27,590.05
2016-03-29,1391.79,412.7,106.98,519.68
2016-03-30,1425.7,296.96,70.17,367.13
2016-03-31,1413.71,115.27,89.11,204.38
2016-04-01,1394.42,96.55,105.31,201.86
2016-04-02,1166.27,175.06,141.48,316.54
2016-04-03,1067.58,103.75,124.61,228.36
2016-04-04,1360.8,138.27,114.06,252.33
2016-04-05,1400.76,144.46,96.94,241.4
2016-04-06,1428.78,414.34,111.12,525.46
2016-04-07,1419.36,345.79,95.06,440.85
2016-04-08,1383.82,88.27,112.63,200.9
2016-04-09,1154.79,76.87,114.94,191.82
2016-04-10,1063.49,155.99,128.07,284.07
2016-04-11,1371.37,228.27,159.55,387.82
2016-04-12,1386.95,96.34,125.52,221.86
2016-04-13,1402.75,48.09,104.91,153.0
2016-04-14,1399.72,57.07,124.88,181.95
2016-04-15,1357.33,216.38,77.28,293.66
2016-04-16,1041.04,321.74,94.12,415.86
2016-04-17,970.11,190.56,87.32,277.88
2016-04-18,1352.36,254.76,119.69,374.45
2016-04-19,1401.46,396.06,127.56,523.62
2016-04-20,1381.37,181.51,191.03,372.54
2016-04-21,1369.59,101.96,208.67,310.62
2016-04-22,1346.62,149.52,171.32,320.84
2016-04-23,1138.14,197.28,89.7,286.98
2016-04-24,978.83,174.22,136.64,310.87
2016-04-25,1385.12,258.3,119.73,378.04
2016-04-26,1429.26,270.62,96.57,367.19
2016-04-27,1456.92,390.8,106.07,496.88
2016-04-28,1417.22,184.05,146.86,330.91
2016-04-29,1378.82,304.68,161.03,465.71
2016-04-30,1141.2,150.23,156.37,306.61
2016-05-01,1011.95,179.87,147.93,327.8
2016-05-02,1327.72,81.89,197.18,279.07
2016-05-03,1388.61,212.39,139.15,351.54
2016-05-04,1359.04,84.96,174.18,259.14
2016-05-05,1066.48,150.62,212.71,363.33
2016-05-06,1209.38,255.57,217.57,473.14
2016-05-07,1112.3,315.36,215.96,531.32
2016-05-08,1041.66,393.12,217.82,610.94
2016-05-09,1361.53,360.99,207.43,568.41
2016-05-10,1379.0,258.67,157.71,416.38
2016-05-11,1386.22,304.44,180.64,485.07
2016-05-12,1409.33,319.68,129.86,449.54
2016-05-13,1354.62,216.94,135.92,352.86
2016-05-14,1142.87,387.18,132.01,519.19
2016-05-15,1010.01,391.69,130.94,522.62
2016-05-16,1027.89,264.28,115.66,379.94
2016-05-17,1307.29,193.38,113.16,306.53
2016-05-18,1372.62,88.95,151.71,240.66
2016-05-19,1380.96,60.08,119.8,179.87
2016-05-20,1364.46,179.2,144.4,323.6
2016-05-21,1142.34,133.51,186.84,320.35
2016-05-22,1059.12,217.76,185.45,403.21
2016-05-23,1357.51,179.1,83.89,262.99
2016-05-24,1394.29,179.91,57.67,237.58
2016-05-25,1362.72,27.07,100.66,127.73
2016-05-26,1161.51,21.7,169.09,190.8
2016-05-27,1260.91,37.27,143.4,180.67
2016-05-28,1123.51,85.47,160.59,246.06
2016-05-29,1053.61,163.11,124.93,288.03
2016-05-30,1370.15,246.02,121.13,367.15
2016-05-31,1385.5,90.9,141.4,232.31
2016-06-01,1391.54,22.01,0.0,22.01
2016-06-02,1383.36,108.36,119.31,227.67
2016-06-03,1348.64,102.07,135.72,237.79
2016-06-04,1131.75,54.25,163.82,218.07
2016-06-05,1047.12,51.03,169.85,220.88
2016-06-06,1349.65,69.56,217.35,286.91
2016-06-07,1375.08,48.54,214.92,263.46
2016-06-08,1375.03,162.73,160.81,323.54
2016-06-09,1366.69,100.71,155.67,256.38
2016-06-10,1337.51,141.59,221.34,362.92
2016-06-11,1117.36,43.85,135.32,179.17
2016-06-12,1049.38,84.99,120.64,205.63
2016-06-13,1348.19,105.65,116.43,222.08
2016-06-14,1369.86,66.56,135.29,201.85
2016-06-15,1370.76,52.43,142.05,194.48
2016-06-16,1376.7,31.06,136.23,167.29
2016-06-17,1358.05,161.17,117.88,279.05
2016-06-18,1135.85,141.46,166.88,308.35
2016-06-19,1042.55,87.35,138.54,225.88
2016-06-20,1341.12,225.61,185.49,411.1
2016-06-21,1348.52,95.57,131.17,226.75
2016-06-22,1370.15,54.65,185.63,240.29
2016-06-23,1391.15,149.94,229.71,379.66
2016-06-24,1380.85,100.46,198.07,298.52
2016-06-25,1158.88,131.55,134.97,266.52
2016-06-26,1046.8,167.57,160.41,327.98
2016-06-27,1361.76,173.23,168.83,342.06
2016-06-28,1373.34,73.41,177.45,250.86
2016-06-29,1395.05,233.86,181.58,415.44
2016-06-30,1387.01,151.65,123.38,275.03
2016-07-01,1359.41,252.99,167.25,420.24
2016-07-02,1144.02,267.16,105.33,372.49
2016-07-03,1035.87,184.8,161.29,346.09
2016-07-04,1338.47,55.85,183.6,239.45
2016-07-05,1397.2,337.07,166.12,503.19
2016-07-06,1396.92,430.53,182.12,612.65
2016-07-07,1364.53,112.99,217.73,330.72
2016-07-08,1363.73,230.05,170.85,400.9
2016-07-09,1145.77,202.27,180.4,382.67
2016-07-10,1065.31,189.08,213.02,402.1
2016-07-11,1374.97,330.2,167.83,498.02
2016-07-12,1379.68,149.82,118.02,267.83
2016-07-13,1356.89,66.37,123.38,189.75
2016-07-14,1369.21,304.15,117.36,421.51
2016-07-15,1336.78,287.95,128.88,416.83
2016-07-16,1118.67,126.31,157.54,283.85
2016-07-17,1043.74,105.56,140.82,246.38
2016-07-18,1339.69,103.14,185.38,288.52
2016-07-19,1372.99,43.44,208.66,252.1
2016-07-20,1397.43,139.19,222.21,361.4
2016-07-21,1384.14,82.85,139.66,222.51
2016-07-22,1348.51,68.98,172.88,241.86
2016-07-23,1130.09,39.23,138.54,177.77
2016-07-24,1036.44,17.14,164.7,181.84
2016-07-25,1348.02,45.9,159.5,205.41
2016-07-26,1364.11,39.1,151.57,190.67
2016-07-27,1357.0,86.51,145.02,231.53
2016-07-28,1346.15,48.28,143.43,191.71
2016-07-29,1312.64,125.46,149.9,275.36
2016-07-30,1113.31,108.95,163.96,272.91
2016-07-31,1019.75,70.33,96.64,166.97
2016-08-01,1287.04,136.16,171.73,307.89
2016-08-02,1330.69,91.28,82.12,173.41
2016-08-03,1351.67,275.58,101.86,377.43
2016-08-04,1347.46,237.71,136.5,374.21
2016-08-05,1294.49,136.09,104.52,240.62
2016-08-06,1088.06,162.14,141.84,303.98
2016-08-07,1008.68,219.45,198.0,417.44
2016-08-08,1317.37,350.03,172.57,522.6
2016-08-09,1317.38,191.31,110.43,301.74
2016-08-10,1313.15,178.85,127.44,306.3
2016-08-11,1308.82,193.68,145.3,338.99
2016-08-12,1301.8,190.52,63.62,254.13
2016-08-13,1112.18,263.62,175.71,439.32
2016-08-14,1010.17,98.42,166.93,265.34
2016-08-15,1255.79,65.07,173.78,238.86
2016-08-16,1315.44,63.31,183.88,247.19
2016-08-17,1320.84,45.54,188.17,233.71
2016-08-18,1332.15,47.81,161.68,209.48
2016-08-19,1308.26,50.57,165.88,216.45
2016-08-20,1128.78,147.6,110.69,258.29
2016-08-21,1031.08,246.75,125.98,372.74
2016-08-22,1341.17,179.29,125.14,304.44
2016-08-23,1358.41,59.47,172.38,231.85
2016-08-24,1366.77,120.38,195.92,316.3
2016-08-25,1371.87,181.1,198.82,379.92
2016-08-26,1358.06,126.58,191.76,318.34
2016-08-27,1157.25,91.29,185.59,276.88
2016-08-28,1067.73,215.48,162.51,377.99
2016-08-29,1379.59,228.76,109.68,338.44
2016-08-30,1363.93,86.69,178.61,265.3
2016-08-31,1357.35,62.17,188.22,250.39
2016-09-01,1356.86,77.94,147.09,225.04
2016-09-02,1328.56,104.55,164.3,268.86
2016-09-03,1107.7,109.43,136.42,245.85
2016-09-04,1056.44,272.31,77.09,349.39
2016-09-05,1344.88,137.13,92.8,229.93
2016-09-06,1354.65,51.47,159.64,211.11
2016-09-07,1362.58,78.33,178.17,256.5
2016-09-08,1377.14,114.34,177.84,292.18
2016-09-09,1340.79,62.26,154.79,217.05
2016-09-10,1112.96,59.82,162.47,222.3
2016-09-11,1031.19,71.58,146.76,218.34
2016-09-12,1350.98,90.56,164.41,254.98
2016-09-13,1381.27,161.69,163.84,325.54
2016-09-14,1388.22,225.46,161.39,386.86
2016-09-15,1383.18,263.85,153.04,416.89
2016-09-16,1333.78,87.38,99.22,186.6
2016-09-17,1090.29,182.26,49.47,231.72
2016-09-18,934.86,186.18,64.65,250.83
2016-09-19,1317.09,55.55,60.99,116.54
2016-09-20,1351.02,24.16,79.44,103.59
2016-09-21,1342.34,38.32,130.51,168.83
2016-09-22,1337.93,31.34,147.5,178.83
2016-09-23,1326.77,74.25,123.53,197.78
2016-09-24,1109.71,91.77,147.24,239.01
2016-09-25,1030.48,176.28,153.54,329.82
2016-09-26,1345.11,49.55,110.89,160.44
2016-09-27,1374.26,90.96,123.62,214.58
2016-09-28,1403.4,463.1,101.62,564.73
2016-09-29,1417.92,514.32,127.19,641.51
2016-09-30,1369.54,223.68,87.73,311.41
2016-10-01,1137.47,111.1,65.26,176.36
2016-10-02,1038.64,183.43,69.87,253.3
2016-10-03,1061.94,193.56,66.69,260.25
2016-10-04,1384.81,363.23,77.49,440.72
2016-10-05,1424.38,375.08,108.61,483.69
2016-10-06,1459.28,336.55,28.99,365.54
2016-10-07,1416.38,147.23,43.97,191.2
2016-10-08,1190.27,136.59,56.46,193.05
2016-10-09,1108.72,64.02,68.38,132.39
2016-10-10,1405.6,35.63,64.5,100.13
2016-10-11,1449.5,178.2,48.41,226.61
2016-10-12,1455.32,197.46,47.96,245.42
2016-10-13,1465.33,331.64,53.25,384.89
2016-10-14,1426.69,419.0,69.78,488.78
2016-10-15,1196.86,210.36,55.68,266.04
2016-10-16,1091.39,125.34,97.23,222.57
2016-10-17,1415.89,132.59,46.78,179.37
2016-10-18,1452.25,164.5,42.43,206.93
2016-10-19,1464.87,205.81,38.17,243.98
2016-10-20,1470.41,144.78,38.41,183.19
2016-10-21,1436.65,123.03,28.98,152.01
2016-10-22,1206.67,74.62,42.32,116.94
2016-10-23,1118.07,72.86,60.49,133.35
2016-10-24,1448.67,111.55,34.94,146.49
2016-10-25,1459.46,42.56,24.54,67.09
2016-10-26,1448.41,78.3,35.9,114.19
2016-10-27,1457.07,194.88,46.4,241.28
2016-10-28,1437.21,22.85,0.0,22.85
2016-10-29,1196.84,273.62,49.99,323.61
2016-10-30,1091.84,95.37,65.4,160.77
2016-10-31,1278.85,57.18,62.07,119.25
2016-11-01,1245.59,246.64,53.6,300.24
2016-11-02,1489.33,425.6,39.84,465.44
2016-11-03,1511.44,117.75,53.3,171.05
2016-11-04,1465.26,256.89,46.15,303.04
2016-11-05,1257.58,182.2,18.56,200.76
2016-11-06,1164.96,201.67,23.13,224.8
2016-11-07,1478.95,163.15,22.87,186.02
2016-11-08,1519.62,114.18,27.26,141.44
2016-11-09,1529.49,128.01,37.87,165.88
2016-11-10,1527.09,131.25,19.28,150.53
2016-11-11,1515.41,110.92,21.12,132.04
2016-11-12,1295.48,118.33,33.76,152.09
2016-11-13,1202.39,160.91,45.87,206.79
2016-11-14,1514.11,268.23,67.96,336.19
2016-11-15,1553.98,383.51,15.41,398.93
2016-11-16,1532.6,389.68,11.12,400.8
2016-11-17,1532.23,530.96,22.82,553.78
2016-11-18,1511.89,630.46,26.5,656.97
2016-11-19,1283.55,404.58,15.96,420.54
2016-11-20,1197.36,653.99,46.88,700.87
2016-11-21,1499.36,392.47,32.61,425.08
2016-11-22,1503.89,243.16,26.53,269.69
2016-11-23,1499.12,87.6,36.9,124.5
2016-11-24,1519.74,237.98,29.14,267.11
2016-11-25,1498.66,135.45,28.02,163.47
2016-11-26,1279.19,152.53,12.38,164.91
2016-11-27,1177.75,280.8,28.53,309.34
2016-11-28,1517.57,202.37,62.66,265.04
2016-11-29,1562.57,225.94,70.38,296.32
2016-11-30,1578.88,492.35,42.88,535.23
2016-12-01,1575.74,673.2,16.61,689.81
2016-12-02,1519.1,305.23,33.94,339.17
2016-12-03,1298.33,71.49,56.02,127.52
2016-12-04,1229.08,94.52,48.04,142.56
2016-12-05,1543.08,83.79,40.09,123.88
2016-12-06,1592.34,81.14,30.85,111.99
2016-12-07,1605.02,326.67,22.86,349.53
2016-12-08,1563.59,468.74,39.2,507.94
2016-12-09,1513.72,20.04,0.0,20.04
2016-12-10,1278.95,387.11,40.24,427.35
2016-12-11,1215.07,541.69,11.37,553.06
2016-12-12,1517.54,162.47,15.06,177.53
2016-12-13,1544.65,105.68,21.87,127.55
2016-12-14,1532.57,61.79,16.45,78.24
2016-12-15,1543.43,190.44,15.77,206.22
2016-12-16,1507.43,129.07,28.83,157.9
2016-12-17,1300.38,95.79,18.21,114.0
2016-12-18,1202.47,123.34,8.44,131.78
2016-12-19,1485.07,73.54,18.0,91.54
2016-12-20,1512.38,165.17,26.45,191.63
2016-12-21,1505.52,309.57,22.97,332.54
2016-12-22,1455.11,257.2,20.11,277.3
2016-12-23,1342.87,395.3,16.11,411.41
2016-12-24,1147.26,681.51,12.84,694.35
2016-12-25,1065.01,719.77,6.61,726.38
2016-12-26,1079.65,718.16,15.46,733.62
2016-12-27,1252.14,640.9,23.45,664.35
2016-12-28,1229.02,214.99,19.45,234.43
2016-12-29,1226.53,167.7,42.91,210.61
2016-12-30,1226.26,239.25,48.55,287.8
2016-12-31,1146.91,315.06,34.58,349.64
2017-01-01,1018.82,307.12,35.29,342.41
2017-01-02,1350.43,295.1,12.48,307.58
2017-01-03,1500.47,666.17,9.35,675.52
2017-01-04,1527.94,686.58,12.81,699.39
2017-01-05,1501.29,261.76,20.8,282.56
2017-01-06,1436.43,115.72,33.34,149.06
2017-01-07,1350.11,252.31,8.39,260.69
2017-01-08,1229.02,41.26,4.99,46.25
2017-01-09,1533.91,190.98,7.07,198.05
2017-01-10,1578.77,280.37,13.04,293.42
2017-01-11,1604.78,637.26,7.38,644.64
2017-01-12,1571.9,584.79,17.86,602.66
2017-01-13,1572.13,518.61,14.31,532.92
2017-01-14,1345.57,487.19,16.76,503.95
2017-01-15,1248.18,229.77,16.1,245.87
2017-01-16,1556.37,69.21,17.6,86.81
2017-01-17,1597.18,79.36,22.91,102.27
2017-01-18,1602.36,148.83,22.71,171.54
2017-01-19,1601.55,127.99,38.19,166.18
2017-01-20,1567.29,109.38,39.63,149.01
2017-01-21,1353.5,78.9,45.48,124.37
2017-01-22,1261.08,50.77,47.39,98.16
2017-01-23,1590.68,39.71,30.94,70.65
2017-01-24,1613.58,31.37,10.3,41.67
2017-01-25,1608.61,70.77,17.72,88.49
2017-01-26,1598.28,235.13,56.49,291.61
2017-01-27,1577.95,254.27,68.63,322.9
2017-01-28,1353.18,208.8,65.97,274.77
2017-01-29,1253.55,304.95,53.85,358.81
2017-01-30,1561.18,338.29,18.58,356.86
2017-01-31,1559.76,124.78,12.06,136.84
2017-02-01,1567.34,221.3,23.82,245.11
2017-02-02,1556.98,254.39,42.22,296.61
2017-02-03,1514.14,188.04,24.22,212.26
2017-02-04,1302.75,211.45,49.26,260.71
2017-02-05,1193.9,118.33,46.22,164.54
2017-02-06,1513.2,152.12,28.57,180.69
2017-02-07,1567.24,264.51,29.27,293.79
2017-02-08,1573.66,219.68,31.0,250.67
2017-02-09,1582.54,207.54,45.28,252.81
2017-02-10,1567.9,290.96,33.9,324.86
2017-02-11,1337.82,329.65,56.39,386.04
2017-02-12,1239.35,350.27,37.67,387.94
2017-02-13,1561.07,338.18,89.58,427.77
2017-02-14,1557.56,205.09,110.28,315.37
2017-02-15,1537.2,98.88,113.9,212.78
2017-02-16,1534.42,282.4,92.43,374.83
2017-02-17,1517.58,255.29,31.45,286.73
2017-02-18,1285.88,160.16,34.51,194.68
2017-02-19,1198.17,348.51,58.42,406.93
2017-02-20,1532.04,648.8,31.77,680.57
2017-02-21,1539.38,580.92,35.75,616.67
2017-02-22,1564.9,826.27,25.27,851.54
2017-02-23,1541.22,705.4,50.72,756.13
2017-02-24,1494.74,522.11,70.54,592.65
2017-02-25,1273.59,413.77,97.58,511.35
2017-02-26,1162.18,545.14,59.45,604.59
2017-02-27,1433.65,558.41,86.39,644.8
2017-02-28,1509.01,602.22,49.11,651.33
2017-03-01,1517.1,463.55,55.17,518.72
2017-03-02,1538.47,640.79,79.16,719.95
2017-03-03,1460.65,323.88,94.66,418.55
2017-03-04,1224.31,253.25,99.95,353.2
2017-03-05,1162.24,375.78,75.05,450.83
2017-03-06,1470.6,244.78,52.16,296.94
2017-03-07,1510.27,98.96,41.36,140.32
2017-03-08,1531.21,362.63,53.96,416.59
2017-03-09,1510.35,348.59,48.42,397.01
2017-03-10,1458.94,301.93,103.55,405.48
2017-03-11,1235.84,142.77,119.27,262.03
2017-03-12,1138.66,322.13,145.74,467.87
2017-03-13,1429.96,107.99,135.05,243.05
2017-03-14,1458.38,282.16,109.52,391.68
2017-03-15,1458.24,310.13,113.66,423.79
2017-03-16,1435.5,235.86,153.45,389.31
2017-03-17,1435.62,520.78,93.96,614.75
2017-03-18,1271.87,666.66,39.69,706.35
2017-03-19,1187.27,527.13,36.26,563.39
2017-03-20,1455.53,540.38,61.8,602.18
2017-03-21,1469.06,405.31,70.3,475.61
2017-03-22,1481.27,168.38,87.6,255.98
2017-03-23,1463.35,211.12,96.0,307.12
2017-03-24,1439.33,152.37,120.43,272.8
2017-03-25,1198.87,203.03,168.36,371.39
2017-03-26,1087.83,79.14,171.81,250.95
2017-03-27,1405.33,71.22,191.73,262.95
2017-03-28,1415.41,111.19,185.23,296.42
2017-03-29,1436.62,347.69,115.05,462.75
2017-03-30,1414.03,213.21,142.4,355.61
2017-03-31,1383.53,260.81,169.85,430.66
2017-04-01,1150.86,82.51,144.8,227.31
2017-04-02,1055.79,110.51,134.68,245.19
2017-04-03,1371.38,58.2,119.69,177.9
2017-04-04,1384.89,40.67,121.48,162.14
2017-04-05,1425.95,333.53,117.91,451.44
2017-04-06,1431.65,398.4,126.86,525.26
2017-04-07,1407.65,404.73,97.88,502.61
2017-04-08,1167.65,65.96,127.62,193.57
2017-04-09,1071.63,96.04,198.08,294.12
2017-04-10,1396.6,501.67,155.88,657.55
2017-04-11,1409.74,363.86,135.41,499.27
2017-04-12,1425.98,561.13,114.23,675.36
2017-04-13,1386.1,470.23,100.22,570.44
2017-04-14,1088.13,261.47,113.62,375.1
2017-04-15,1127.71,537.55,85.45,623.0
2017-04-16,1017.29,292.34,101.42,393.76
2017-04-17,1044.82,211.53,92.95,304.48
2017-04-18,1397.44,288.26,102.21,390.47
2017-04-19,1429.98,164.62,123.42,288.04
2017-04-20,1427.3,122.12,177.03,299.15
2017-04-21,1418.25,447.72,148.6,596.33
2017-04-22,1218.7,545.89,95.93,641.83
2017-04-23,1117.58,393.91,130.11,524.03
2017-04-24,1420.26,325.1,192.26,517.36
2017-04-25,1442.22,241.65,99.27,340.92
2017-04-26,1446.51,54.22,104.56,158.78
2017-04-27,1441.69,119.39,111.66,231.06
2017-04-28,1410.46,92.23,105.57,197.8
2017-04-29,1150.79,109.14,146.42,255.55
2017-04-30,1065.29,435.49,231.64,667.13
2017-05-01,1079.22,440.71,119.74,560.45
2017-05-02,1418.61,403.34,91.07,494.4
2017-05-03,1438.89,312.2,126.1,438.3
2017-05-04,1456.74,367.41,84.35,451.77
2017-05-05,1396.99,147.43,83.8,231.22
2017-05-06,1165.93,104.87,163.63,268.5
2017-05-07,1081.79,102.37,110.39,212.77
2017-05-08,1405.59,267.94,63.93,331.86
2017-05-09,1389.77,77.05,150.56,227.61
2017-05-10,1384.42,107.24,204.87,312.11
2017-05-11,1381.71,199.24,197.32,396.56
2017-05-12,1366.72,192.3,147.97,340.27
2017-05-13,1151.19,77.73,155.43,233.16
2017-05-14,1045.6,87.59,151.42,239.01
2017-05-15,1350.43,71.28,192.92,264.2
2017-05-16,1392.43,124.9,179.57,304.47
2017-05-17,1400.27,187.56,220.51,408.06
2017-05-18,1401.37,189.88,178.86,368.74
2017-05-19,1374.25,215.48,122.88,338.37
2017-05-20,1142.44,153.79,171.48,325.27
2017-05-21,1043.15,72.35,198.57,270.93
2017-05-22,1341.0,67.13,210.58,277.71
2017-05-23,1383.65,237.76,200.26,438.02
2017-05-24,1360.85,256.28,144.8,401.09
2017-05-25,1059.8,150.75,187.87,338.62
2017-05-26,1200.93,88.71,231.03,319.74
2017-05-27,1117.98,209.17,241.58,450.75
2017-05-28,1055.59,161.91,216.45,378.36
2017-05-29,1374.5,55.64,208.71,264.35
2017-05-30,1406.3,212.5,166.43,378.93
2017-05-31,1393.12,304.1,197.22,501.32
2017-06-01,1365.11,88.55,224.96,313.51
2017-06-02,1349.73,50.81,209.01,259.82
2017-06-03,1126.7,97.75,165.06,262.81
2017-06-04,989.8,231.53,121.3,352.83
2017-06-05,1004.61,121.56,162.74,284.3
2017-06-06,1352.42,452.61,126.13,578.75
2017-06-07,1406.29,669.22,165.25,834.46
2017-06-08,1365.6,282.75,191.85,474.6
2017-06-09,1358.82,236.12,164.36,400.48
2017-06-10,1132.74,89.48,214.44,303.91
2017-06-11,1060.23,196.27,221.96,418.22
2017-06-12,1390.38,508.76,171.74,680.5
2017-06-13,1393.26,306.51,177.17,483.68
2017-06-14,1348.21,67.96,230.81,298.77
2017-06-15,1195.07,149.84,211.23,361.07
2017-06-16,1295.08,481.14,165.3,646.44
2017-06-17,1132.73,252.58,158.35,410.93
2017-06-18,1053.32,46.0,219.2,265.19
2017-06-19,1377.06,31.18,237.84,269.03
2017-06-20,1417.58,148.48,218.02,366.5
2017-06-21,1405.49,53.05,218.32,271.37
2017-06-22,1435.4,272.14,188.27,460.41
2017-06-23,1407.41,427.69,169.41,597.11
2017-06-24,1182.02,378.22,171.52,549.74
2017-06-25,1081.02,346.38,121.69,468.06
2017-06-26,1375.2,216.42,191.58,408.0
2017-06-27,1388.97,97.72,151.24,248.96
2017-06-28,1396.01,254.2,142.16,396.36
2017-06-29,1387.71,193.7,105.58,299.27
2017-06-30,1376.7,379.3,150.38,529.68
2017-07-01,1153.86,326.42,109.99,436.42
2017-07-02,1062.43,312.89,106.36,419.24
2017-07-03,1348.91,274.61,196.6,471.21
2017-07-04,1386.58,172.13,193.73,365.86
2017-07-05,1399.18,33.86,201.44,235.3
2017-07-06,1407.86,51.19,217.34,268.53
2017-07-07,1399.07,123.19,173.79,296.98
2017-07-08,1177.79,132.11,181.67,313.78
2017-07-09,1071.25,49.09,180.65,229.74
2017-07-10,1390.78,85.88,127.01,212.89
2017-07-11,1403.96,172.82,152.59,325.41
2017-07-12,1412.1,353.67,90.66,444.33
2017-07-13,1379.1,183.81,200.41,384.22
2017-07-14,1359.25,85.72,149.48,235.2
2017-07-15,1134.51,81.75,154.73,236.48
2017-07-16,1051.42,160.91,152.48,313.39
2017-07-17,1354.5,98.54,177.55,276.09
2017-07-18,1388.13,79.39,216.31,295.7
2017-07-19,1404.48,234.01,212.24,446.25
2017-07-20,1384.45,163.7,133.95,297.65
2017-07-21,1349.5,110.6,204.26,314.86
2017-07-22,1145.72,166.01,161.24,327.25
2017-07-23,1038.83,207.8,141.34,349.14
2017-07-24,1324.38,85.82,95.7,181.51
2017-07-25,1363.39,289.62,72.04,361.66
2017-07-26,1364.97,248.69,83.03,331.73
2017-07-27,1367.75,176.05,104.74,280.79
2017-07-28,1316.86,287.31,160.1,447.4
2017-07-29,1121.22,293.62,168.39,462.01
2017-07-30,1047.02,327.09,183.22,510.31
2017-07-31,1325.03,125.19,183.3,308.5
2017-08-01,1358.47,100.08,159.89,259.97
2017-08-02,1357.25,103.49,165.59,269.08
2017-08-03,1378.18,402.36,120.16,522.53
2017-08-04,1342.41,455.38,145.63,601.01
2017-08-05,1106.29,232.88,148.61,381.49
2017-08-06,1001.58,168.42,164.46,332.88
2017-08-07,1295.79,123.85,216.12,339.96
2017-08-08,1345.79,247.47,143.74,391.21
2017-08-09,1353.45,208.82,169.03,377.85
2017-08-10,1342.28,100.27,71.16,171.44
2017-08-11,1314.44,108.58,42.2,150.77
2017-08-12,1098.98,305.91,80.9,386.81
2017-08-13,1004.75,101.26,141.16,242.42
2017-08-14,1278.88,136.42,201.03,337.44
2017-08-15,1304.06,182.06,172.2,354.27
2017-08-16,1341.61,68.59,150.68,219.27
2017-08-17,1359.3,207.76,143.19,350.95
2017-08-18,1339.12,190.79,125.64,316.43
2017-08-19,1113.08,362.03,140.37,502.4
2017-08-20,1020.45,314.06,156.87,470.92
2017-08-21,1314.59,211.87,158.35,370.22
2017-08-22,1324.63,87.14,173.37,260.52
2017-08-23,1335.87,83.43,199.19,282.62
2017-08-24,1356.55,188.63,146.34,334.97
2017-08-25,1327.55,84.58,171.9,256.48
2017-08-26,1118.1,51.28,152.02,203.3
2017-08-27,1030.71,130.05,147.84,277.9
2017-08-28,1328.88,45.22,178.63,223.85
2017-08-29,1365.22,98.16,193.58,291.74
2017-08-30,1384.03,190.43,152.12,342.56
2017-08-31,1365.79,208.5,70.79,279.29
2017-09-01,1312.31,34.23,83.41,117.64
2017-09-02,1093.77,37.37,106.19,143.56
2017-09-03,1013.48,26.18,140.19,166.37
2017-09-04,1322.04,81.04,168.12,249.17
2017-09-05,1360.8,107.61,135.54,243.15
2017-09-06,1391.49,409.91,92.0,501.91
2017-09-07,1360.01,328.33,100.49,428.82
2017-09-08,1376.11,516.67,82.39,599.07
2017-09-09,1144.49,276.06,63.26,339.31
2017-09-10,1047.2,307.77,113.33,421.1
2017-09-11,1378.96,576.26,102.46,678.72
2017-09-12,1402.52,460.81,103.03,563.84
2017-09-13,1442.62,761.75,76.82,838.57
2017-09-14,1426.61,633.36,64.48,697.84
2017-09-15,1368.67,316.34,120.94,437.29
2017-09-16,1142.68,68.91,99.45,168.36
2017-09-17,1052.04,25.43,119.93,145.36
2017-09-18,1365.89,55.37,106.99,162.36
2017-09-19,1386.65,86.28,93.99,180.27
2017-09-20,1391.54,137.56,85.21,222.77
2017-09-21,1380.97,45.21,123.78,168.98
2017-09-22,1359.73,16.48,113.89,130.38
2017-09-23,1153.41,28.88,117.18,146.06
2017-09-24,1073.15,53.47,88.86,142.33
2017-09-25,1381.89,104.59,91.46,196.04
2017-09-26,1395.3,139.1,102.24,241.33
2017-09-27,1406.45,144.55,108.04,252.58
2017-09-28,1410.82,132.5,84.6,217.1
2017-09-29,1387.09,177.38,99.96,277.34
2017-09-30,1173.02,198.3,91.07,289.37
2017-10-01,1053.14,218.24,87.2,305.44
2017-10-02,1284.1,574.76,55.17,629.93
2017-10-03,1138.42,459.13,79.48,538.61
2017-10-04,1402.46,642.75,74.26,717.02
2017-10-05,1437.94,742.25,70.28,812.53
2017-10-06,1426.34,580.86,68.36,649.22
2017-10-07,1203.3,646.64,52.33,698.96
2017-10-08,1105.58,302.85,61.0,363.85
2017-10-09,1417.54,164.78,68.71,233.49
2017-10-10,1455.06,331.49,36.63,368.12
2017-10-11,1456.51,521.62,63.04,584.65
2017-10-12,1455.26,616.93,78.49,695.42
2017-10-13,1415.71,297.71,91.53,389.24
2017-10-14,1188.62,293.48,110.63,404.11
2017-10-15,1075.32,224.28,123.72,348.0
2017-10-16,1399.56,251.44,118.55,369.99
2017-10-17,1448.55,260.02,106.56,366.57
2017-10-18,1439.6,64.25,98.5,162.75
2017-10-19,1438.43,160.67,95.18,255.85
2017-10-20,1441.09,351.58,62.92,414.5
2017-10-21,1210.1,285.42,44.62,330.04
2017-10-22,1124.3,424.76,46.08,470.84
2017-10-23,1443.81,258.99,30.34,289.34
2017-10-24,1471.21,290.4,41.48,331.88
2017-10-25,1480.14,454.96,52.36,507.32
2017-10-26,1459.2,327.71,54.84,382.55
2017-10-27,1433.29,528.19,52.37,580.56
2017-10-28,1238.52,819.82,26.8,846.62
2017-10-29,1165.36,720.11,52.24,772.35
2017-10-30,1298.33,407.05,69.88,476.93
2017-10-31,1166.51,256.96,56.77,313.73
2017-11-01,1306.66,420.45,37.05,457.49
2017-11-02,1434.35,336.74,51.51,388.25
2017-11-03,1422.63,115.93,50.76,166.69
2017-11-04,1251.63,309.38,57.36,366.74
2017-11-05,1142.78,259.37,25.26,284.63
2017-11-06,1456.82,98.42,40.3,138.72
2017-11-07,1501.0,148.78,27.3,176.08
2017-11-08,1489.45,62.67,18.33,81.0
2017-11-09,1497.6,210.49,15.29,225.78
2017-11-10,1507.43,627.82,12.77,640.59
2017-11-11,1298.05,530.92,18.16,549.08
2017-11-12,1196.99,235.42,15.73,251.15
2017-11-13,1491.55,205.07,37.0,242.07
2017-11-14,1524.26,294.48,38.77,333.26
2017-11-15,1488.34,98.03,25.8,123.83
2017-11-16,1534.45,179.49,18.15,197.64
2017-11-17,1508.42,204.46,32.92,237.38
2017-11-18,1321.77,606.66,18.88,625.54
2017-11-19,1207.75,721.24,28.65,749.89
2017-11-20,1525.89,380.29,14.91,395.2
2017-11-21,1535.24,318.59,11.24,329.83
2017-11-22,1526.98,588.24,46.15,634.38
2017-11-23,1555.66,730.72,42.05,772.77
2017-11-24,1509.98,313.09,30.44,343.53
2017-11-25,1308.52,238.67,13.55,252.22
2017-11-26,1235.12,599.33,22.59,621.92
2017-11-27,1578.48,743.28,21.98,765.26
2017-11-28,1580.85,514.93,19.66,534.59
2017-11-29,1546.29,99.65,24.15,123.81
2017-11-30,1555.76,66.39,14.31,80.7
2017-12-01,1526.28,52.32,19.27,71.59
2017-12-02,1342.93,126.27,16.46,142.73
2017-12-03,1278.46,387.49,12.41,399.9
2017-12-04,1586.19,479.8,10.75,490.55
2017-12-05,1604.93,611.49,10.95,622.44
2017-12-06,1597.77,632.5,8.01,640.51
2017-12-07,1598.58,743.72,43.0,786.72
2017-12-08,1579.53,652.83,20.5,673.33
2017-12-09,1364.9,712.32,12.34,724.66
2017-12-10,1272.6,622.94,9.92,632.86
2017-12-11,1575.61,415.11,5.67,420.77
2017-12-12,1610.86,590.1,13.25,603.34
2017-12-13,1613.8,721.54,36.88,758.42
2017-12-14,1611.12,666.44,21.03,687.47
2017-12-15,1532.58,176.42,21.65,198.07
2017-12-16,1338.36,277.39,15.9,293.3
2017-12-17,1253.53,250.72,12.62,263.34
2017-12-18,1538.77,134.84,15.9,150.74
2017-12-19,1540.67,99.1,8.79,107.89
2017-12-20,1505.44,90.88,8.8,99.68
2017-12-21,1473.73,259.04,7.31,266.35
2017-12-22,1376.1,228.77,10.06,238.84
2017-12-23,1215.06,748.07,8.45,756.52
2017-12-24,1085.8,812.42,9.95,822.37
2017-12-25,1060.31,587.81,15.76,603.57
2017-12-26,1088.17,717.45,30.92,748.37
2017-12-27,1225.05,394.5,16.53,411.04
2017-12-28,1258.91,506.42,14.16,520.58
2017-12-29,1245.97,584.28,30.54,614.82
2017-12-30,1161.39,721.24,7.47,728.71
2017-12-31,1061.79,721.17,19.98,741.15
2018-01-01,1063.37,680.1,29.49,709.58
2018-01-02,1362.99,472.8,16.33,489.12
2018-01-03,1477.4,937.88,13.1,950.98
2018-01-04,1467.41,591.31,9.26,600.58
2018-01-05,1436.05,526.59,18.38,544.97
2018-01-06,1225.86,203.9,29.15,233.05
2018-01-07,1183.14,389.48,17.0,406.48
2018-01-08,1523.65,557.07,30.37,587.45
2018-01-09,1550.38,519.08,29.45,548.53
2018-01-10,1498.54,148.13,37.83,185.95
2018-01-11,1506.48,35.78,21.02,56.8
2018-01-12,1490.55,132.63,11.01,143.64
2018-01-13,1303.09,336.3,11.43,347.73
2018-01-14,1216.04,396.86,33.25,430.11
2018-01-15,1565.05,742.83,30.28,773.11
2018-01-16,1592.05,673.26,18.54,691.81
2018-01-17,1603.53,661.15,18.86,680.01
2018-01-18,1596.15,684.23,15.81,700.05
2018-01-19,1517.83,297.66,26.54,324.19
2018-01-20,1311.32,205.32,15.01,220.33
2018-01-21,1207.92,109.09,18.3,127.38
2018-01-22,1513.78,313.94,9.66,323.6
2018-01-23,1542.97,394.52,18.98,413.5
2018-01-24,1557.52,761.97,41.02,803.0
2018-01-25,1524.24,394.3,30.16,424.45
2018-01-26,1477.98,50.69,27.65,78.34
2018-01-27,1281.15,314.43,25.56,339.99
2018-01-28,1203.9,841.0,22.2,863.2
2018-01-29,1525.81,899.63,23.74,923.37
2018-01-30,1536.0,467.72,49.86,517.57
2018-01-31,1572.22,705.58,30.91,736.48
2018-02-01,1561.95,522.15,32.6,554.74
2018-02-02,1521.02,351.06,38.07,389.14
2018-02-03,1288.11,112.23,25.1,137.33
2018-02-04,1211.98,252.42,26.19,278.61
2018-02-05,1514.44,202.82,53.3,256.12
2018-02-06,1539.42,93.38,66.49,159.88
2018-02-07,1560.72,56.45,55.94,112.39
2018-02-08,1556.3,91.86,51.72,143.58
2018-02-09,1551.99,209.04,42.36,251.4
2018-02-10,1326.28,171.11,24.43,195.53
2018-02-11,1239.86,625.42,28.52,653.93
2018-02-12,1502.63,463.91,47.38,511.29
2018-02-13,1516.71,259.05,97.68,356.73
2018-02-14,1546.9,325.6,113.51,439.11
2018-02-15,1590.69,506.32,30.74,537.06
2018-02-16,1517.85,328.2,71.7,399.9
2018-02-17,1316.9,72.44,34.46,106.9
2018-02-18,1212.27,125.79,59.64,185.43
2018-02-19,1501.92,59.74,58.92,118.66
2018-02-20,1528.7,109.4,65.83,175.24
2018-02-21,1523.12,153.07,91.72,244.79
2018-02-22,1533.35,261.19,88.68,349.88
2018-02-23,1527.69,360.33,105.66,465.99
2018-02-24,1334.27,585.22,109.93,695.15
2018-02-25,1247.37,350.78,122.09,472.87
2018-02-26,1580.26,398.25,81.64,479.89
2018-02-27,1619.6,337.61,97.96,435.58
2018-02-28,1634.03,571.61,108.25,679.86
2018-03-01,1618.88,727.98,110.48,838.46
2018-03-02,1604.98,528.62,102.09,630.71
2018-03-03,1368.15,426.26,77.04,503.3
2018-03-04,1232.35,407.41,100.46,507.86
2018-03-05,1474.62,293.8,104.49,398.29
2018-03-06,1492.51,137.89,76.48,214.37
2018-03-07,1515.91,160.87,56.92,217.79
2018-03-08,1531.15,482.95,93.28,576.23
2018-03-09,1512.96,357.41,71.75,429.17
2018-03-10,1266.88,295.62,56.04,351.66
2018-03-11,1147.97,243.89,84.29,328.18
2018-03-12,1460.17,205.67,49.4,255.07
2018-03-13,1518.79,426.65,52.34,478.99
2018-03-14,1493.4,155.29,71.45,226.75
2018-03-15,1534.68,646.7,108.58,755.28
2018-03-16,1528.87,589.08,48.72,637.8
2018-03-17,1387.16,798.88,52.77,851.64
2018-03-18,1305.79,745.65,82.33,827.98
2018-03-19,1545.37,242.75,119.14,361.89
2018-03-20,1584.81,338.62,99.84,438.46
2018-03-21,1565.12,207.31,135.52,342.84
2018-03-22,1572.05,398.66,56.31,454.97
2018-03-23,1517.87,99.3,44.67,143.96
2018-03-24,1267.77,70.63,144.55,215.18
2018-03-25,1153.62,39.3,158.68,197.98
2018-03-26,1467.62,62.85,72.81,135.66
2018-03-27,1468.36,134.08,112.03,246.11
2018-03-28,1511.23,448.01,46.28,494.28
2018-03-29,1464.37,344.25,95.12,439.37
2018-03-30,1159.55,349.95,145.95,495.9
2018-03-31,1161.03,291.43,74.11,365.54
2018-04-01,1075.3,370.94,71.8,442.73
2018-04-02,1079.92,243.81,151.58,395.39
2018-04-03,1413.12,414.04,142.94,556.98
2018-04-04,1443.55,355.58,138.52,494.1
2018-04-05,1490.9,638.64,98.88,737.52
2018-04-06,1429.84,336.82,216.11,552.93
2018-04-07,1212.68,431.22,212.64,643.85
2018-04-08,1091.72,160.4,197.09,357.49
2018-04-09,1381.75,167.15,145.76,312.91
2018-04-10,1440.24,423.24,155.79,579.04
2018-04-11,1462.42,413.06,150.47,563.53
2018-04-12,1450.05,477.53,142.47,620.0
2018-04-13,1434.6,312.74,85.51,398.25
2018-04-14,1189.34,242.16,156.29,398.45
2018-04-15,1066.38,65.38,142.18,207.56
2018-04-16,1371.59,81.0,101.68,182.68
2018-04-17,1385.78,99.98,195.01,294.99
2018-04-18,1385.29,110.03,213.96,323.99
2018-04-19,1393.89,206.8,214.8,421.6
2018-04-20,1379.11,183.98,212.34,396.33
2018-04-21,1164.96,87.21,208.75,295.96
2018-04-22,1064.33,185.26,197.45,382.7
2018-04-23,1384.2,392.31,139.11,531.42
2018-04-24,1409.61,377.0,142.09,519.09
2018-04-25,1437.09,525.33,138.72,664.04
2018-04-26,1436.77,453.04,137.87,590.91
2018-04-27,1385.28,166.32,206.52,372.84
2018-04-28,1177.51,167.37,178.73,346.1
2018-04-29,1067.11,230.29,188.28,418.57
2018-04-30,1281.75,616.2,152.01,768.22
2018-05-01,1110.18,556.56,149.88,706.44
2018-05-02,1396.62,205.7,160.14,365.84
2018-05-03,1422.03,186.46,169.95,356.42
2018-05-04,1399.66,158.18,201.19,359.37
2018-05-05,1178.15,210.91,223.94,434.85
2018-05-06,1084.22,232.49,239.47,471.96
2018-05-07,1401.59,237.97,237.92,475.89
2018-05-08,1430.14,308.09,238.66,546.75
2018-05-09,1413.67,217.02,210.98,427.99
2018-05-10,1134.83,246.08,146.35,392.43
2018-05-11,1260.83,68.85,163.24,232.09
2018-05-12,1154.91,167.85,202.81,370.66
2018-05-13,1083.98,334.97,177.56,512.53
2018-05-14,1412.56,345.48,178.18,523.66
2018-05-15,1425.41,185.88,173.24,359.12
2018-05-16,1431.05,261.64,117.92,379.56
2018-05-17,1441.61,399.4,150.09,549.49
2018-05-18,1404.74,117.07,172.56,289.64
2018-05-19,1164.91,62.94,185.18,248.13
2018-05-20,1021.73,276.3,200.0,476.31
2018-05-21,1063.46,381.3,239.37,620.67
2018-05-22,1390.79,166.44,204.83,371.28
2018-05-23,1433.53,251.24,183.0,434.24
2018-05-24,1437.72,341.78,145.9,487.68
2018-05-25,1403.6,256.95,199.53,456.48
2018-05-26,1190.66,128.44,227.44,355.88
2018-05-27,1091.78,175.48,190.2,365.67
2018-05-28,1421.89,177.52,225.64,403.16
2018-05-29,1454.69,284.52,201.7,486.22
2018-05-30,1419.75,102.77,208.34,311.11
2018-05-31,1227.97,122.4,206.27,328.67
2018-06-01,1313.65,130.08,163.69,293.77
2018-06-02,1158.36,102.28,152.73,255.01
2018-06-03,1072.61,50.28,189.44,239.72
2018-06-04,1396.99,119.87,208.77,328.64
2018-06-05,1436.18,101.16,197.1,298.26
2018-06-06,1446.91,217.47,232.62,450.1
2018-06-07,1453.06,129.06,201.24,330.29
2018-06-08,1426.78,80.92,195.11,276.03
2018-06-09,1210.89,83.64,189.12,272.76
2018-06-10,1112.54,112.46,174.51,286.97
2018-06-11,1433.18,186.89,169.02,355.92
2018-06-12,1434.53,218.31,121.27,339.57
2018-06-13,1426.72,214.74,88.83,303.57
2018-06-14,1429.3,208.82,187.83,396.65
2018-06-15,1405.36,36.66,183.2,219.86
2018-06-16,1177.84,71.93,193.54,265.48
2018-06-17,1086.87,211.53,170.76,382.3
2018-06-18,1422.05,204.36,166.4,370.76
2018-06-19,1457.31,201.53,151.57,353.1
2018-06-20,1462.89,196.79,215.13,411.92
2018-06-21,1462.58,524.11,181.05,705.16
2018-06-22,1407.56,573.72,160.95,734.67
2018-06-23,1170.53,466.82,148.41,615.24
2018-06-24,1074.28,226.84,129.42,356.26
2018-06-25,1401.59,197.64,158.81,356.45
2018-06-26,1422.32,94.46,171.64,266.1
2018-06-27,1422.82,143.65,216.26,359.91
2018-06-28,1439.36,206.43,161.52,367.95
2018-06-29,1405.7,201.33,212.04,413.37
2018-06-30,1179.02,250.02,244.75,494.78
2018-07-01,1084.06,279.72,255.43,535.15
2018-07-02,1400.48,140.8,257.69,398.5
2018-07-03,1440.05,82.02,241.39,323.41
2018-07-04,1449.51,43.89,200.33,244.22
2018-07-05,1453.46,144.74,169.76,314.5
2018-07-06,1418.01,296.64,156.51,453.15
2018-07-07,1170.72,294.7,236.1,530.8
2018-07-08,1068.58,163.12,228.02,391.14
2018-07-09,1382.33,290.65,192.35,483.0
2018-07-10,1386.08,171.35,123.84,295.19
2018-07-11,1376.85,120.45,131.81,252.26
2018-07-12,1374.32,161.34,163.33,324.67
2018-07-13,1360.02,138.91,218.13,357.05
2018-07-14,1131.52,88.86,208.15,297.01
2018-07-15,1040.52,61.07,207.46,268.53
2018-07-16,1339.62,48.54,209.68,258.23
2018-07-17,1372.26,134.18,205.62,339.81
2018-07-18,1376.83,225.99,215.61,441.61
2018-07-19,1366.9,118.92,223.63,342.55
2018-07-20,1339.39,81.53,211.04,292.57
2018-07-21,1130.28,77.85,125.1,202.95
2018-07-22,1056.97,74.93,136.17,211.1
2018-07-23,1365.42,43.25,200.09,243.34
2018-07-24,1398.01,35.8,227.12,262.92
2018-07-25,1417.9,77.38,207.92,285.3
2018-07-26,1419.85,162.67,222.22,384.89
2018-07-27,1398.56,240.11,209.75,449.86
2018-07-28,1186.1,236.22,167.97,404.19
2018-07-29,1072.38,136.96,200.54,337.5
2018-07-30,1371.45,103.1,207.33,310.43
2018-07-31,1405.77,136.42,206.79,343.21
2018-08-01,1396.35,93.66,181.82,275.47
2018-08-02,1403.75,80.17,194.36,274.54
2018-08-03,1382.45,66.13,213.28,279.41
2018-08-04,1194.24,118.05,190.05,308.09
2018-08-05,1080.45,197.02,194.36,391.38
2018-08-06,1366.92,86.47,224.43,310.9
2018-08-07,1403.33,147.08,191.14,338.22
2018-08-08,1423.76,286.17,169.54,455.71
2018-08-09,1406.06,299.83,180.58,480.41
2018-08-10,1357.88,419.37,150.61,569.98
2018-08-11,1132.39,398.53,182.28,580.81
2018-08-12,1030.43,132.1,211.6,343.7
2018-08-13,1338.31,176.32,129.61,305.94
2018-08-14,1352.48,299.39,135.62,435.01
2018-08-15,1313.37,115.65,142.1,257.75
2018-08-16,1358.86,159.09,212.89,371.98
2018-08-17,1342.59,123.02,179.48,302.5
2018-08-18,1171.28,156.67,187.38,344.05
2018-08-19,1078.47,184.45,198.95,383.39
2018-08-20,1369.53,170.46,144.67,315.14
2018-08-21,1380.03,50.28,171.58,221.86
2018-08-22,1408.0,90.93,199.01,289.94
2018-08-23,1426.68,150.37,160.33,310.7
2018-08-24,1386.02,327.21,108.22,435.43
2018-08-25,1154.65,297.18,96.42,393.59
2018-08-26,1056.39,225.92,184.3,410.22
2018-08-27,1401.59,507.71,121.04,628.74
2018-08-28,1388.3,93.99,165.91,259.9
2018-08-29,1404.5,183.38,177.24,360.62
2018-08-30,1408.86,331.21,81.66,412.88
2018-08-31,1347.9,155.55,102.99,258.54
2018-09-01,1145.19,98.26,122.42,220.68
2018-09-02,1074.28,170.54,78.14,248.68
2018-09-03,1382.46,167.51,96.69,264.2
2018-09-04,1402.14,83.12,136.61,219.73
2018-09-05,1397.23,78.25,167.42,245.66
2018-09-06,1411.0,116.16,140.73,256.88
2018-09-07,1384.59,218.44,102.42,320.86
2018-09-08,1174.03,275.99,172.19,448.18
2018-09-09,1072.83,155.1,161.91,317.0
2018-09-10,1385.47,180.28,136.24,316.52
2018-09-11,1434.74,434.88,161.73,596.62
2018-09-12,1422.91,213.16,153.09,366.26
2018-09-13,1406.76,61.17,88.61,149.78
2018-09-14,1376.41,146.25,107.78,254.03
2018-09-15,1163.97,233.76,131.63,365.4
2018-09-16,1069.9,178.31,169.8,348.11
2018-09-17,1375.4,128.75,169.02,297.77
2018-09-18,1455.78,357.17,170.26,527.43
2018-09-19,1450.31,342.51,153.55,496.07
2018-09-20,1447.56,329.21,154.88,484.09
2018-09-21,1458.55,734.19,93.47,827.66
2018-09-22,1207.23,541.04,111.12,652.17
2018-09-23,1114.63,382.64,50.43,433.06
2018-09-24,1423.83,598.47,131.06,729.53
2018-09-25,1407.1,188.19,160.26,348.45
2018-09-26,1451.96,492.55,147.66,640.21
2018-09-27,1426.4,314.31,156.95,471.26
2018-09-28,1422.55,358.93,121.81,480.74
2018-09-29,1194.31,207.02,159.67,366.69
2018-09-30,1102.69,195.83,161.75,357.58
2018-10-01,1416.22,342.99,76.56,419.55
2018-10-02,1453.85,704.39,55.06,759.45
2018-10-03,1198.79,591.73,86.26,677.99
2018-10-04,1388.49,218.14,111.89,330.03
2018-10-05,1378.31,221.46,155.98,377.44
2018-10-06,1183.79,183.96,125.39,309.35
2018-10-07,1100.77,211.96,92.47,304.43
2018-10-08,1405.07,198.02,115.6,313.63
2018-10-09,1423.95,168.32,106.62,274.94
2018-10-10,1418.34,271.05,131.03,402.08
2018-10-11,1447.02,378.2,131.7,509.9
2018-10-12,1403.99,326.38,134.78,461.16
2018-10-13,1183.05,365.33,137.38,502.71
2018-10-14,1101.2,400.27,137.12,537.39
2018-10-15,1381.8,153.49,124.53,278.02
2018-10-16,1405.67,52.17,108.04,160.22
2018-10-17,1407.04,50.38,116.47,166.85
2018-10-18,1429.42,157.0,85.44,242.44
2018-10-19,1390.18,49.8,86.41,136.21
2018-10-20,1211.98,116.32,86.94,203.26
2018-10-21,1141.94,149.36,103.53,252.88
2018-10-22,1464.4,338.29,81.7,419.99
2018-10-23,1533.41,864.21,28.19,892.4
2018-10-24,1506.7,661.1,38.54,699.64
2018-10-25,1492.81,576.14,36.8,612.94
2018-10-26,1449.13,429.06,51.66,480.73
2018-10-27,1245.71,358.26,37.15,395.4
2018-10-28,1166.88,466.23,27.39,493.63
2018-10-29,1496.91,572.82,15.99,588.81
2018-10-30,1508.17,728.08,43.39,771.46
2018-10-31,1401.62,438.15,78.59,516.74
2018-11-01,1277.24,298.99,44.72,343.71
2018-11-02,1358.95,317.43,55.99,373.42
2018-11-03,1220.34,166.18,56.75,222.94
2018-11-04,1130.93,188.3,22.23,210.53
2018-11-05,1437.18,210.98,45.46,256.44
2018-11-06,1468.57,243.39,70.84,314.23
2018-11-07,1487.78,272.71,80.61,353.32
2018-11-08,1476.52,174.12,44.32,218.44
2018-11-09,1463.2,242.36,34.65,277.02
2018-11-10,1275.4,491.68,35.84,527.52
2018-11-11,1162.81,529.95,42.74,572.69
2018-11-12,1453.01,316.07,41.93,358.0
2018-11-13,1504.55,485.89,23.39,509.29
2018-11-14,1505.33,234.61,49.39,284.0
2018-11-15,1515.76,187.34,44.13,231.47
2018-11-16,1512.41,368.87,75.88,444.76
2018-11-17,1338.07,447.44,80.9,528.34
2018-11-18,1199.82,366.33,69.17,435.5
2018-11-19,1547.96,673.5,18.84,692.34
2018-11-20,1588.06,732.44,22.05,754.49
2018-11-21,1572.39,396.55,16.58,413.12
2018-11-22,1570.71,186.75,20.62,207.37
2018-11-23,1521.82,98.34,29.98,128.33
2018-11-24,1314.07,107.99,16.34,124.32
2018-11-25,1225.95,178.7,21.65,200.34
2018-11-26,1525.69,240.9,11.1,252.01
2018-11-27,1556.96,147.99,15.97,163.96
2018-11-28,1622.75,534.63,35.07,569.7
2018-11-29,1615.72,655.1,31.41,686.51
2018-11-30,1569.89,447.28,12.41,459.68
2018-12-01,1342.91,454.2,27.3,481.5
2018-12-02,1245.78,648.29,8.03,656.32
2018-12-03,1541.25,609.18,17.74,626.91
2018-12-04,1564.28,487.26,31.01,518.27
2018-12-05,1578.88,346.9,32.67,379.57
2018-12-06,1581.27,500.78,10.87,511.65
2018-12-07,1560.23,787.33,11.7,799.03
2018-12-08,1374.45,998.9,18.14,1017.04
2018-12-09,1269.84,888.05,11.51,899.56
2018-12-10,1598.13,842.06,23.73,865.79
2018-12-11,1596.18,476.05,18.57,494.62
2018-12-12,1575.5,167.25,17.31,184.56
2018-12-13,1593.43,263.04,19.74,282.78
2018-12-14,1575.09,165.8,9.68,175.47
2018-12-15,1384.58,283.69,9.25,292.94
2018-12-16,1302.01,294.83,7.83,302.66
2018-12-17,1530.03,193.62,12.76,206.38
2018-12-18,1556.58,343.37,31.16,374.53
2018-12-19,1569.21,457.76,9.89,467.65
2018-12-20,1511.56,378.97,18.42,397.39
2018-12-21,1434.22,754.43,6.57,761.0
2018-12-22,1238.79,519.33,11.55,530.88
2018-12-23,1140.24,405.05,9.5,414.55
2018-12-24,1130.75,356.75,19.31,376.06
2018-12-25,1097.55,552.75,18.84,571.59
2018-12-26,1127.19,403.2,24.22,427.43
2018-12-27,1266.52,282.81,27.66,310.47
2018-12-28,1263.66,228.76,27.56,256.32
2018-12-29,1227.45,533.09,10.39,543.48
2018-12-30,1131.56,565.67,12.45,578.12
2018-12-31,1148.1,245.13,9.33,254.46
2019-01-01,1096.82,815.24,10.09,825.33
2019-01-02,1387.56,666.61,31.12,697.73
2019-01-03,1450.35,288.82,22.53,311.35
2019-01-04,1465.72,550.14,9.58,559.72
2019-01-05,1302.06,595.73,6.81,602.54
2019-01-06,1188.78,245.99,11.84,257.83
2019-01-07,1505.44,465.92,10.43,476.35
2019-01-08,1592.42,962.24,13.5,975.74
2019-01-09,1605.54,760.42,13.0,773.42
2019-01-10,1553.38,172.92,10.98,183.9
2019-01-11,1586.66,510.71,5.34,516.05
2019-01-12,1354.62,731.11,6.87,737.99
2019-01-13,1280.47,907.16,6.07,913.24
2019-01-14,1580.88,829.82,25.28,855.1
2019-01-15,1597.21,829.47,15.1,844.57
2019-01-16,1587.3,728.91,31.04,759.95
2019-01-17,1598.74,737.77,20.16,757.93
2019-01-18,1539.86,238.37,47.41,285.79
2019-01-19,1331.77,135.33,63.1,198.43
2019-01-20,1251.39,59.28,53.51,112.79
2019-01-21,1565.74,133.39,51.72,185.11
2019-01-22,1629.26,297.14,37.54,334.68
2019-01-23,1636.41,161.61,27.04,188.64
2019-01-24,1614.5,48.16,14.51,62.67
2019-01-25,1596.46,199.92,16.24,216.15
2019-01-26,1387.76,507.32,11.53,518.85
2019-01-27,1252.5,578.11,23.96,602.07
2019-01-28,1564.52,495.93,24.38,520.3
2019-01-29,1573.59,345.6,35.96,381.56
2019-01-30,1581.91,445.39,33.92,479.31
2019-01-31,1568.67,251.02,54.46,305.48
2019-02-01,1567.73,340.53,20.37,360.9
2019-02-02,1324.35,117.69,20.03,137.72
2019-02-03,1250.15,292.18,19.59,311.77
2019-02-04,1554.44,493.66,56.59,550.25
2019-02-05,1590.85,351.17,35.25,386.42
2019-02-06,1573.67,362.08,54.64,416.72
2019-02-07,1600.48,617.21,27.67,644.88
2019-02-08,1560.22,782.35,55.58,837.93
2019-02-09,1356.9,927.51,57.35,984.85
2019-02-10,1239.84,793.5,25.34,818.84
2019-02-11,1576.91,790.92,40.1,831.02
2019-02-12,1567.66,464.46,46.59,511.06
2019-02-13,1572.78,458.15,72.1,530.25
2019-02-14,1535.4,184.36,102.96,287.32
2019-02-15,1508.12,216.37,126.46,342.84
2019-02-16,1280.43,373.38,127.75,501.13
2019-02-17,1172.94,218.99,121.89,340.88
2019-02-18,1479.72,259.18,130.74,389.92
2019-02-19,1542.97,578.83,66.62,645.45
2019-02-20,1518.22,366.92,75.16,442.08
2019-02-21,1511.2,412.84,63.61,476.45
2019-02-22,1491.58,237.05,47.57,284.62
2019-02-23,1278.69,211.99,128.44,340.43
2019-02-24,1168.17,99.88,127.71,227.59
2019-02-25,1450.75,117.98,138.89,256.87
2019-02-26,1480.46,80.4,131.28,211.68
2019-02-27,1489.01,201.88,149.45,351.34
2019-02-28,1480.4,424.53,121.55,546.08
2019-03-01,1474.22,209.8,31.87,241.67
2019-03-02,1267.02,279.26,35.21,314.47
2019-03-03,1183.08,845.94,48.66,894.59
2019-03-04,1471.04,944.43,60.34,1004.76
2019-03-05,1499.88,734.93,70.02,804.95
2019-03-06,1493.38,609.52,100.06,709.58
2019-03-07,1510.11,865.26,69.87,935.13
2019-03-08,1480.48,794.14,83.47,877.62
2019-03-09,1284.16,925.11,59.29,984.4
2019-03-10,1171.43,536.96,51.35,588.31
2019-03-11,1497.81,637.04,66.67,703.71
2019-03-12,1504.04,704.67,110.94,815.61
2019-03-13,1547.06,954.65,79.84,1034.49
2019-03-14,1551.26,891.2,34.12,925.33
2019-03-15,1521.45,917.49,36.13,953.62
2019-03-16,1273.49,781.86,53.09,834.95
2019-03-17,1198.15,775.32,103.2,878.53
2019-03-18,1494.3,704.19,101.95,806.14
2019-03-19,1497.91,197.48,135.39,332.87
2019-03-20,1481.71,247.78,160.75,408.52
2019-03-21,1460.82,217.27,165.04,382.32
2019-03-22,1421.13,120.37,164.43,284.8
2019-03-23,1212.56,190.0,155.15,345.15
2019-03-24,1116.66,193.38,137.48,330.86
2019-03-25,1454.78,583.69,109.08,692.77
2019-03-26,1477.7,452.29,86.0,538.28
2019-03-27,1464.56,244.07,91.98,336.05
2019-03-28,1443.31,112.57,102.48,215.06
2019-03-29,1396.55,145.0,174.86,319.86
2019-03-30,1184.71,158.48,204.36,362.84
2019-03-31,1116.01,268.34,168.9,437.24
2019-04-01,1403.0,321.03,214.22,535.26
2019-04-02,1458.39,440.39,176.23,616.61
2019-04-03,1445.24,184.06,119.34,303.4
2019-04-04,1457.12,159.44,106.58,266.02
2019-04-05,1435.7,120.3,79.48,199.78
2019-04-06,1187.17,195.13,173.18,368.31
2019-04-07,1094.28,162.79,187.0,349.79
2019-04-08,1399.26,224.52,145.58,370.1
2019-04-09,1446.35,289.9,145.91,435.81
2019-04-10,1448.94,306.57,154.26,460.83
2019-04-11,1440.6,222.91,150.21,373.12
2019-04-12,1428.13,198.18,112.02,310.2
2019-04-13,1231.67,284.34,122.77,407.11
2019-04-14,1141.72,321.99,115.32,437.31
2019-04-15,1398.07,390.9,225.37,616.27
2019-04-16,1441.1,427.71,221.23,648.95
2019-04-17,1424.5,397.09,201.04,598.13
2019-04-18,1367.39,473.28,234.75,708.03
2019-04-19,1059.13,314.9,238.02,552.92
2019-04-20,1044.82,173.46,238.19,411.65
2019-04-21,943.26,155.98,239.75,395.72
2019-04-22,1013.17,530.86,236.69,767.55
2019-04-23,1365.2,746.86,186.88,933.75
2019-04-24,1388.29,507.7,207.95,715.65
2019-04-25,1394.65,331.06,211.87,542.93
2019-04-26,1380.62,272.0,108.08,380.07
2019-04-27,1161.58,264.57,126.03,390.61
2019-04-28,1089.07,111.83,133.51,245.34
2019-04-29,1403.84,272.06,101.92,373.97
2019-04-30,1368.02,171.33,198.0,369.32
2019-05-01,1073.96,293.09,186.97,480.06
2019-05-02,1381.41,461.57,165.54,627.11
2019-05-03,1387.25,399.75,125.89,525.64
2019-05-04,1195.6,315.49,116.46,431.95
2019-05-05,1114.62,254.68,153.2,407.88
2019-05-06,1433.58,334.6,140.55,475.15
2019-05-07,1429.75,123.72,174.98,298.7
2019-05-08,1445.62,357.84,113.91,471.75
2019-05-09,1428.33,242.04,143.07,385.11
2019-05-10,1400.47,210.86,144.46,355.32
2019-05-11,1183.4,283.71,109.65,393.36
2019-05-12,1090.83,392.4,180.04,572.43
2019-05-13,1377.55,279.42,238.4,517.82
2019-05-14,1414.19,247.1,205.97,453.07
2019-05-15,1430.39,234.94,179.29,414.23
2019-05-16,1451.44,280.75,96.4,377.15
2019-05-17,1404.04,178.24,170.62,348.86
2019-05-18,1148.23,148.22,232.76,380.97
2019-05-19,1062.14,138.9,207.6,346.5
2019-05-20,1388.96,205.14,101.13,306.27
2019-05-21,1438.24,390.41,84.3,474.71
2019-05-22,1422.86,388.67,101.36,490.02
2019-05-23,1401.34,122.62,239.99,362.61
2019-05-24,1376.22,208.09,227.1,435.19
2019-05-25,1136.89,153.9,173.42,327.33
2019-05-26,1066.32,405.94,194.03,599.97
2019-05-27,1375.23,304.43,153.06,457.5
2019-05-28,1392.76,149.03,121.57,270.59
2019-05-29,1359.63,125.51,183.07,308.58
2019-05-30,1098.23,388.6,190.35,578.94
2019-05-31,1208.27,179.21,167.99,347.2
2019-06-01,1125.06,136.52,244.57,381.08
2019-06-02,1060.7,210.62,255.45,466.06
2019-06-03,1391.11,197.49,211.2,408.69
2019-06-04,1417.67,198.39,235.85,434.24
2019-06-05,1436.94,247.34,235.07,482.42
2019-06-06,1413.8,327.28,134.83,462.1
2019-06-07,1350.29,289.97,241.21,531.19
2019-06-08,1147.7,605.2,188.87,794.07
2019-06-09,1003.23,188.55,222.51,411.06
2019-06-10,1042.26,231.3,150.68,381.99
2019-06-11,1355.12,143.38,162.77,306.15
2019-06-12,1415.59,204.67,139.64,344.31
2019-06-13,1376.29,258.65,229.38,488.03
2019-06-14,1369.67,200.3,214.39,414.69
2019-06-15,1163.83,335.15,189.81,524.96
2019-06-16,1061.4,104.87,152.44,257.31
2019-06-17,1376.22,92.92,240.8,333.72
2019-06-18,1425.26,115.71,238.62,354.33
2019-06-19,1410.5,151.59,226.36,377.96
2019-06-20,1185.6,142.81,161.66,304.47
2019-06-21,1258.36,96.73,204.38,301.11
2019-06-22,1123.62,171.44,190.93,362.37
2019-06-23,1047.37,267.94,223.73,491.66
2019-06-24,1400.39,340.0,258.8,598.8
2019-06-25,1452.48,190.84,248.35,439.19
2019-06-26,1470.48,298.54,243.54,542.08
2019-06-27,1439.21,330.62,239.68,570.3
2019-06-28,1371.2,80.23,250.96,331.19
2019-06-29,1164.38,79.54,264.54,344.08
2019-06-30,1102.34,345.21,253.27,598.47
2019-07-01,1430.96,397.0,196.8,593.8
2019-07-02,1412.41,386.52,217.66,604.18
2019-07-03,1404.26,282.55,228.26,510.81
2019-07-04,1411.51,304.51,248.45,552.96
2019-07-05,1384.62,278.92,190.64,469.56
2019-07-06,1165.86,366.46,184.71,551.18
2019-07-07,1060.56,378.09,148.75,526.84
2019-07-08,1365.87,266.3,161.95,428.25
2019-07-09,1385.24,238.59,176.79,415.38
2019-07-10,1373.81,118.63,233.62,352.25
2019-07-11,1380.38,53.3,122.44,175.74
2019-07-12,1368.0,97.03,142.25,239.28
2019-07-13,1144.2,201.59,136.18,337.77
2019-07-14,1039.08,141.91,131.05,272.96
2019-07-15,1343.06,210.86,147.97,358.83
2019-07-16,1375.52,231.15,184.03,415.18
2019-07-17,1362.96,35.9,207.21,243.11
2019-07-18,1379.03,76.88,215.28,292.16
2019-07-19,1347.8,82.8,157.72,240.52
2019-07-20,1136.87,254.01,204.02,458.03
2019-07-21,1044.77,262.42,190.78,453.21
2019-07-22,1342.34,166.67,197.76,364.43
2019-07-23,1374.01,72.21,247.13,319.34
2019-07-24,1395.98,147.22,242.29,389.52
2019-07-25,1410.42,168.46,233.04,401.5
2019-07-26,1386.57,366.56,226.36,592.92
2019-07-27,1141.75,419.84,177.7,597.54
2019-07-28,1055.72,215.97,136.64,352.61
2019-07-29,1337.17,96.88,137.29,234.17
2019-07-30,1380.32,87.21,174.2,261.41
2019-07-31,1361.27,147.51,135.6,283.11
2019-08-01,1330.42,58.95,192.6,251.55
2019-08-02,1305.06,63.76,163.31,227.07
2019-08-03,1086.43,95.07,159.7,254.76
2019-08-04,1001.21,54.08,207.06,261.14
2019-08-05,1278.04,110.08,143.36,253.43
2019-08-06,1315.79,151.99,165.69,317.68
2019-08-07,1324.1,201.03,107.22,308.25
2019-08-08,1326.62,319.85,197.43,517.28
2019-08-09,1318.76,203.2,170.1,373.3
2019-08-10,1132.4,588.61,130.18,718.79
2019-08-11,1043.49,367.73,204.19,571.92
2019-08-12,1299.03,257.92,132.08,390.0
2019-08-13,1313.68,256.4,161.22,417.63
2019-08-14,1293.65,175.85,200.4,376.25
2019-08-15,1302.13,391.68,111.54,503.21
2019-08-16,1261.13,211.25,183.57,394.81
2019-08-17,1100.02,391.41,98.42,489.83
2019-08-18,1024.43,271.48,155.08,426.56
2019-08-19,1317.02,289.03,160.03,449.06
2019-08-20,1325.53,145.16,109.48,254.65
2019-08-21,1310.22,73.96,198.69,272.65
2019-08-22,1316.37,147.06,215.33,362.4
2019-08-23,1299.61,96.74,210.88,307.62
2019-08-24,1104.17,169.46,208.46,377.92
2019-08-25,1035.89,124.35,197.72,322.08
2019-08-26,1362.85,75.86,193.21,269.08
2019-08-27,1407.07,98.09,189.6,287.69
2019-08-28,1407.17,93.92,170.47,264.38
2019-08-29,1388.31,97.59,146.98,244.57
2019-08-30,1349.32,60.12,189.67,249.79
2019-08-31,1135.98,162.76,204.41,367.17
2019-09-01,1036.76,248.77,135.87,384.64
2019-09-02,1302.33,204.61,157.7,362.31
2019-09-03,1335.21,323.47,165.32,488.79
2019-09-04,1344.78,303.17,191.19,494.37
2019-09-05,1365.83,460.18,120.83,581.0
2019-09-06,1320.78,290.42,153.44,443.86
2019-09-07,1105.61,95.43,90.16,185.59
2019-09-08,1035.92,35.05,89.77,124.82
2019-09-09,1328.43,122.71,70.52,193.23
2019-09-10,1348.5,288.61,169.34,457.95
2019-09-11,1368.91,373.85,166.76,540.6
2019-09-12,1387.52,299.17,135.14,434.32
2019-09-13,1366.62,327.12,129.01,456.13
2019-09-14,1118.72,119.3,182.11,301.41
2019-09-15,1043.85,419.92,176.45,596.36
2019-09-16,1341.09,203.37,101.73,305.1
2019-09-17,1372.02,591.53,121.19,712.72
2019-09-18,1353.23,438.49,170.2,608.68
2019-09-19,1359.47,179.98,176.15,356.13
2019-09-20,1329.68,121.9,170.27,292.17
2019-09-21,1134.31,177.98,191.38,369.37
2019-09-22,1051.6,237.8,157.29,395.09
2019-09-23,1378.21,167.55,79.77,247.32
2019-09-24,1398.02,142.93,98.54,241.48
2019-09-25,1399.13,161.04,79.69,240.73
2019-09-26,1407.39,281.38,67.85,349.23
2019-09-27,1385.15,389.04,72.51,461.55
2019-09-28,1155.85,669.43,103.81,773.24
2019-09-29,1087.6,685.12,95.53,780.65
2019-09-30,1391.74,750.95,94.66,845.61
2019-10-01,1429.26,411.75,79.55,491.3
2019-10-02,1390.43,451.2,82.29,533.49
2019-10-03,1105.3,228.38,85.1,313.48
2019-10-04,1238.36,301.06,47.19,348.24
2019-10-05,1128.67,301.04,62.62,363.66
2019-10-06,1107.79,344.59,66.54,411.12
2019-10-07,1385.28,189.2,99.92,289.12
2019-10-08,1430.23,550.51,39.14,589.65
2019-10-09,1426.86,556.61,55.42,612.03
2019-10-10,1433.92,672.12,81.45,753.57
2019-10-11,1419.39,835.98,84.29,920.27
2019-10-12,1178.37,552.39,117.21,669.6
2019-10-13,1100.64,466.54,116.8,583.34
2019-10-14,1385.85,314.11,133.35,447.46
2019-10-15,1441.27,214.06,101.41,315.47
2019-10-16,1459.22,428.63,81.08,509.71
2019-10-17,1443.27,306.17,78.6,384.77
2019-10-18,1421.16,539.81,78.19,618.0
2019-10-19,1188.19,451.87,45.64,497.52
2019-10-20,1091.36,140.27,71.23,211.5
2019-10-21,1410.17,179.3,59.21,238.51
2019-10-22,1438.18,164.17,72.05,236.22
2019-10-23,1456.92,172.34,68.11,240.45
2019-10-24,1450.73,287.41,64.38,351.79
2019-10-25,1414.55,537.4,83.12,620.52
2019-10-26,1208.07,717.07,101.4,818.48
2019-10-27,1110.76,581.3,61.64,642.95
2019-10-28,1429.79,273.72,70.35,344.07
2019-10-29,1463.42,134.58,59.78,194.36
2019-10-30,1461.87,124.03,79.76,203.79
2019-10-31,1366.98,190.34,102.16,292.5
2019-11-01,1235.51,427.68,38.14,465.82
2019-11-02,1186.34,598.64,41.26,639.89
2019-11-03,1101.06,291.66,35.29,326.94
2019-11-04,1413.41,262.85,47.4,310.25
2019-11-05,1459.3,212.18,36.07,248.25
2019-11-06,1485.84,106.74,31.67,138.41
2019-11-07,1500.87,293.41,55.46,348.87
2019-11-08,1473.37,142.57,33.07,175.64
2019-11-09,1255.39,164.43,31.0,195.43
2019-11-10,1182.59,134.13,63.54,197.67
2019-11-11,1498.97,428.73,38.96,467.69
2019-11-12,1519.14,520.91,36.58,557.49
2019-11-13,1505.28,350.14,30.33,380.47
2019-11-14,1497.27,350.94,70.69,421.64
2019-11-15,1470.99,473.1,25.06,498.15
2019-11-16,1259.81,328.59,32.71,361.3
2019-11-17,1179.39,301.94,20.44,322.38
2019-11-18,1480.35,409.4,29.48,438.88
2019-11-19,1532.91,382.06,36.99,419.04
2019-11-20,1518.12,36.77,21.86,58.64
2019-11-21,1526.53,134.95,19.37,154.32
2019-11-22,1508.07,282.62,29.92,312.54
2019-11-23,1283.11,623.39,47.93,671.32
2019-11-24,1186.56,291.22,38.7,329.92
2019-11-25,1488.6,62.55,14.04,76.59
2019-11-26,1522.49,235.35,22.54,257.89
2019-11-27,1549.87,545.48,16.65,562.13
2019-11-28,1535.49,857.71,25.01,882.72
2019-11-29,1487.87,618.9,30.99,649.89
2019-11-30,1252.18,195.08,47.19,242.27
2019-12-01,1217.09,134.3,21.52,155.82
2019-12-02,1460.56,344.12,31.11,375.23
2019-12-03,1544.02,275.83,34.26,310.09
2019-12-04,1549.73,278.98,58.74,337.72
2019-12-05,1588.07,436.21,46.24,482.45
2019-12-06,1567.88,860.24,31.16,891.4
2019-12-07,1310.85,841.62,19.17,860.79
2019-12-08,1236.85,918.91,24.02,942.93
2019-12-09,1522.2,749.94,29.48,779.42
2019-12-10,1555.07,550.22,44.93,595.15
2019-12-11,1582.83,436.29,21.41,457.7
2019-12-12,1576.72,403.28,16.56,419.84
2019-12-13,1526.74,555.0,16.95,571.95
2019-12-14,1310.95,843.23,22.43,865.66
2019-12-15,1214.17,853.65,28.17,881.82
2019-12-16,1471.92,441.37,28.05,469.42
2019-12-17,1477.64,546.88,33.31,580.19
2019-12-18,1458.93,407.04,30.35,437.39
2019-12-19,1438.74,558.19,42.52,600.71
2019-12-20,1354.26,653.4,27.68,681.09
2019-12-21,1206.42,429.21,31.49,460.7
2019-12-22,1140.68,419.77,15.89,435.66
2019-12-23,1214.86,612.08,16.59,628.67
2019-12-24,1112.49,455.19,18.83,474.02
2019-12-25,1042.24,293.65,13.42,307.07
2019-12-26,1042.69,132.74,27.33,160.07
2019-12-27,1172.2,146.59,20.96,167.55
2019-12-28,1141.33,159.13,36.24,195.36
2019-12-29,1087.07,349.84,54.91,404.75
2019-12-30,1200.05,669.27,53.22,722.49
2019-12-31,1124.93,425.22,36.56,461.79